{
    "loss": 0.762797474861145,
    "accuracy": 0.8561151027679443
}