{
    "loss": 19.381175994873047,
    "accuracy": 0.7122302055358887
}